iso_code,name,old_vitality_group,new_vitality_group,old_risk,new_risk,context_rate,speakers,reason
 yud,Judeo-Tripolitanian Arabic,watch,unknown,vulnerable,unknown,0.0,,"0.00%/yr context(10yr), None speakers → unknown"
081,Yiiji,watch,unknown,vulnerable,unknown,0.0,,"0.00%/yr context(10yr), None speakers → unknown"
08e,Vivaro-Alpine,watch,unknown,vulnerable,unknown,0.0,,"0.00%/yr context(10yr), None speakers → unknown"
08g,Urmia Northeastern Neo-Aramaic,watch,unknown,vulnerable,unknown,0.0,,"0.00%/yr context(10yr), None speakers → unknown"
08o,Nese,serious,unknown,critical,unknown,0.0,,"0.00%/yr context(10yr), None speakers → unknown"
08q,Ngaatjatjara,serious,unknown,critical,unknown,0.0,,"0.00%/yr context(10yr), None speakers → unknown"
0gq,Tjungundji,gone,unknown,lost,unknown,0.0,,"0.00%/yr context(10yr), None speakers → unknown"
0ql,Mirniny,gone,unknown,lost,unknown,0.0,,"0.00%/yr context(10yr), None speakers → unknown"
0zn,Northern Northeastern Neo-Aramaic,watch,unknown,vulnerable,unknown,0.0,,"0.00%/yr context(10yr), None speakers → unknown"
1eu,Swoeng,watch,unknown,vulnerable,unknown,0.0,,"0.00%/yr context(10yr), None speakers → unknown"
1ev,Homshetsi,watch,unknown,vulnerable,unknown,0.0,,"0.00%/yr context(10yr), None speakers → unknown"
1fn,Kri,watch,unknown,vulnerable,unknown,0.0,,"0.00%/yr context(10yr), None speakers → unknown"
1h9,Gardiol,watch,unknown,vulnerable,unknown,0.0,,"0.00%/yr context(10yr), None speakers → unknown"
1hl,Kazhuo,watch,unknown,vulnerable,unknown,0.0,,"0.00%/yr context(10yr), None speakers → unknown"
1hn,Mo'ang,watch,unknown,vulnerable,unknown,0.0,,"0.00%/yr context(10yr), None speakers → unknown"
1ho,Tazhi,watch,unknown,vulnerable,unknown,0.0,,"0.00%/yr context(10yr), None speakers → unknown"
1hp,Samatu,watch,unknown,vulnerable,unknown,0.0,,"0.00%/yr context(10yr), None speakers → unknown"
1hq,Phong,watch,unknown,vulnerable,unknown,0.0,,"0.00%/yr context(10yr), None speakers → unknown"
1hr,Nāti,serious,unknown,critical,unknown,0.0,,"0.00%/yr context(10yr), None speakers → unknown"
1hs,Kodiak Russian Creole,gone,unknown,lost,unknown,0.0,,"0.00%/yr context(10yr), None speakers → unknown"
1hv,Dukha,watch,unknown,vulnerable,unknown,0.0,,"0.00%/yr context(10yr), None speakers → unknown"
1hx,Navwien,gone,unknown,lost,unknown,0.0,,"0.00%/yr context(10yr), None speakers → unknown"
1id,Baïnounk Gubëeher,watch,unknown,vulnerable,unknown,0.0,,"0.00%/yr context(10yr), None speakers → unknown"
1iu,Chatong,watch,unknown,vulnerable,unknown,0.0,,"0.00%/yr context(10yr), None speakers → unknown"
1iy,Ts'ixa,watch,unknown,vulnerable,unknown,0.0,,"0.00%/yr context(10yr), None speakers → unknown"
1iz,Sengwer,watch,unknown,vulnerable,unknown,0.0,,"0.00%/yr context(10yr), None speakers → unknown"
1j1,Awiakay,watch,unknown,vulnerable,unknown,0.0,,"0.00%/yr context(10yr), None speakers → unknown"
1j3,Kartujarra,gone,unknown,lost,unknown,0.0,,"0.00%/yr context(10yr), None speakers → unknown"
1j4,Manjiljarra,watch,unknown,vulnerable,unknown,0.0,,"0.00%/yr context(10yr), None speakers → unknown"
1j9,Putijarra,gone,unknown,lost,unknown,0.0,,"0.00%/yr context(10yr), None speakers → unknown"
1kc,Wangkajunga,serious,unknown,critical,unknown,0.0,,"0.00%/yr context(10yr), None speakers → unknown"
1ke,Worla,gone,unknown,lost,unknown,0.0,,"0.00%/yr context(10yr), None speakers → unknown"
1kf,Wudjari,gone,unknown,lost,unknown,0.0,,"0.00%/yr context(10yr), None speakers → unknown"
1kh,Yulparija,watch,unknown,vulnerable,unknown,0.0,,"0.00%/yr context(10yr), None speakers → unknown"
1ki,Yuwaalaraay,gone,unknown,lost,unknown,0.0,,"0.00%/yr context(10yr), None speakers → unknown"
1kp,Tjupany,gone,unknown,lost,unknown,0.0,,"0.00%/yr context(10yr), None speakers → unknown"
1kq,Isolado do Tanaru,gone,unknown,lost,unknown,0.0,,"0.00%/yr context(10yr), None speakers → unknown"
1kt,Alipur Sign Language,watch,unknown,vulnerable,unknown,0.0,,"0.00%/yr context(10yr), None speakers → unknown"
1ku,Bribri Sign Language,watch,unknown,vulnerable,unknown,0.0,,"0.00%/yr context(10yr), None speakers → unknown"
1kv,Brunca Sign Language,watch,unknown,vulnerable,unknown,0.0,,"0.00%/yr context(10yr), None speakers → unknown"
1kw,Original Bangkok Sign Language,watch,unknown,vulnerable,unknown,0.0,,"0.00%/yr context(10yr), None speakers → unknown"
1kx,Jakarta Sign Language,watch,unknown,vulnerable,unknown,0.0,,"0.00%/yr context(10yr), None speakers → unknown"
1ky,Yogyakarta Sign Language,watch,unknown,vulnerable,unknown,0.0,,"0.00%/yr context(10yr), None speakers → unknown"
1kz,Mardin Sign Language,serious,unknown,critical,unknown,0.0,,"0.00%/yr context(10yr), None speakers → unknown"
1l3,Kasong,serious,unknown,critical,unknown,0.0,,"0.00%/yr context(10yr), None speakers → unknown"
1l4,Laji,watch,unknown,vulnerable,unknown,0.0,,"0.00%/yr context(10yr), None speakers → unknown"
1l9,Sörsörian,gone,unknown,lost,unknown,0.0,,"0.00%/yr context(10yr), None speakers → unknown"
1lj,Khamnigan Mongol,watch,unknown,vulnerable,unknown,0.0,,"0.00%/yr context(10yr), None speakers → unknown"
1nl,Tetserret,watch,unknown,vulnerable,unknown,0.0,,"0.00%/yr context(10yr), None speakers → unknown"
1no,New Bargut,watch,unknown,vulnerable,unknown,0.0,,"0.00%/yr context(10yr), None speakers → unknown"
1nr,Solon,watch,unknown,vulnerable,unknown,0.0,,"0.00%/yr context(10yr), None speakers → unknown"
1ns,Ongkor Solon,gone,unknown,lost,unknown,0.0,,"0.00%/yr context(10yr), None speakers → unknown"
1nt,Northern Mansi,watch,unknown,vulnerable,unknown,0.0,,"0.00%/yr context(10yr), None speakers → unknown"
1nu,Eastern Mansi,watch,unknown,vulnerable,unknown,0.0,,"0.00%/yr context(10yr), None speakers → unknown"
1of,Northern Khanty,watch,unknown,vulnerable,unknown,0.0,,"0.00%/yr context(10yr), None speakers → unknown"
1ok,Eastern Khanty,watch,unknown,vulnerable,unknown,0.0,,"0.00%/yr context(10yr), None speakers → unknown"
1oo,Northern Selkup,watch,unknown,vulnerable,unknown,0.0,,"0.00%/yr context(10yr), None speakers → unknown"
1op,Central Selkup,gone,unknown,lost,unknown,0.0,,"0.00%/yr context(10yr), None speakers → unknown"
1or,Southern Selkup,gone,unknown,lost,unknown,0.0,,"0.00%/yr context(10yr), None speakers → unknown"
1ot,Amur Nivkh,watch,unknown,vulnerable,unknown,0.0,,"0.00%/yr context(10yr), None speakers → unknown"
1xw,Jarqu'i,watch,unknown,vulnerable,unknown,0.0,,"0.00%/yr context(10yr), None speakers → unknown"
3oz,Kuhpayi,watch,unknown,vulnerable,unknown,0.0,,"0.00%/yr context(10yr), None speakers → unknown"
4rr,Cambodian Sign Language,watch,unknown,vulnerable,unknown,0.0,,"0.00%/yr context(10yr), None speakers → unknown"
5h1,"Baka (Far North Region, Cameroon)",watch,unknown,vulnerable,unknown,0.0,,"0.00%/yr context(10yr), None speakers → unknown"
5qc,Aftari,watch,unknown,vulnerable,unknown,0.0,,"0.00%/yr context(10yr), None speakers → unknown"
7ri,Zefra'i,watch,unknown,vulnerable,unknown,0.0,,"0.00%/yr context(10yr), None speakers → unknown"
8uu,Buu (Cameroon),watch,unknown,vulnerable,unknown,0.0,,"0.00%/yr context(10yr), None speakers → unknown"
98s,Meymai,watch,unknown,vulnerable,unknown,0.0,,"0.00%/yr context(10yr), None speakers → unknown"
Not recorded,Ordos,watch,unknown,vulnerable,unknown,0.0,,"0.00%/yr context(10yr), None speakers → unknown"
aae,Arbëreshë,healthy,serious,stable,at_risk,-0.066967,50000,"-6.70%/yr context(10yr), 50000 speakers → at_risk"
abf,Abai Sungai,watch,serious,vulnerable,at_risk,-0.066967,250,"-6.70%/yr context(10yr), 250 speakers → at_risk"
"abt, wos",Ambulas,watch,unknown,vulnerable,unknown,0.0,,"0.00%/yr context(10yr), None speakers → unknown"
acy,Cypriot Spoken Arabic,healthy,serious,stable,at_risk,-0.066967,1000,"-6.70%/yr context(10yr), 1000 speakers → at_risk"
acz,Acheron,healthy,serious,stable,critical,-0.117747,20000,"-11.77%/yr context(10yr), 20000 speakers → critical"
adg,Antekerrepenh,gone,unknown,lost,unknown,0.0,,"0.00%/yr context(10yr), None speakers → unknown"
adi-ash,Ashing,watch,unknown,vulnerable,unknown,0.0,,"0.00%/yr context(10yr), None speakers → unknown"
adi-bok,Bokar,watch,unknown,vulnerable,unknown,0.0,,"0.00%/yr context(10yr), None speakers → unknown"
adi-bor,Bori,watch,unknown,vulnerable,unknown,0.0,,"0.00%/yr context(10yr), None speakers → unknown"
adi-kar,Karko (India),watch,unknown,vulnerable,unknown,0.0,,"0.00%/yr context(10yr), None speakers → unknown"
adi-mil,Milang,watch,unknown,vulnerable,unknown,0.0,,"0.00%/yr context(10yr), None speakers → unknown"
adi-min,Minyong,watch,unknown,vulnerable,unknown,0.0,,"0.00%/yr context(10yr), None speakers → unknown"
adi-pad,Padam,watch,unknown,vulnerable,unknown,0.0,,"0.00%/yr context(10yr), None speakers → unknown"
adi-pai,Pailibo,watch,unknown,vulnerable,unknown,0.0,,"0.00%/yr context(10yr), None speakers → unknown"
adi-ram,Ramo,watch,unknown,vulnerable,unknown,0.0,,"0.00%/yr context(10yr), None speakers → unknown"
adi-shi,Shimong,watch,unknown,vulnerable,unknown,0.0,,"0.00%/yr context(10yr), None speakers → unknown"
adi-tan,Tangam,watch,unknown,vulnerable,unknown,0.0,,"0.00%/yr context(10yr), None speakers → unknown"
aem,Arem,watch,serious,vulnerable,at_risk,-0.066967,50,"-6.70%/yr context(10yr), 50 speakers → at_risk"
"afk, afp",Alfendio,watch,unknown,vulnerable,unknown,0.0,,"0.00%/yr context(10yr), None speakers → unknown"
afn,Defaka,watch,serious,vulnerable,at_risk,-0.066967,100,"-6.70%/yr context(10yr), 100 speakers → at_risk"
afu-efu,Effutu,watch,unknown,vulnerable,unknown,0.0,,"0.00%/yr context(10yr), None speakers → unknown"
agx,Aghul,healthy,serious,stable,at_risk,-0.066967,9000,"-6.70%/yr context(10yr), 9000 speakers → at_risk"
agy,Kabulowan,watch,serious,vulnerable,at_risk,-0.076746,450,"-7.67%/yr context(10yr), 450 speakers → at_risk"
ahb,Axamb,watch,unknown,vulnerable,unknown,0.0,,"0.00%/yr context(10yr), None speakers → unknown"
ahg,K'emant,serious,unknown,at_risk,unknown,0.0,,"0.00%/yr context(10yr), None speakers → unknown"
ahg-hwa,Hwarasa,gone,unknown,lost,unknown,0.0,,"0.00%/yr context(10yr), None speakers → unknown"
aib,Ainu (China),healthy,serious,stable,critical,-0.198729,6000,"-19.87%/yr context(10yr), 6000 speakers → critical"
aie,Amara,watch,serious,vulnerable,at_risk,-0.066564,116,"-6.66%/yr context(10yr), 116 speakers → at_risk"
aik,Ake,healthy,serious,stable,at_risk,-0.066967,1000,"-6.70%/yr context(10yr), 1000 speakers → at_risk"
ajn,Andajin,gone,unknown,lost,unknown,0.0,,"0.00%/yr context(10yr), None speakers → unknown"
"ake, pbc",Kapong,watch,unknown,vulnerable,unknown,0.0,,"0.00%/yr context(10yr), None speakers → unknown"
alm,Varavara,watch,serious,vulnerable,critical,-0.156582,100,"-15.66%/yr context(10yr), 100 speakers → critical"
alp,Alune,healthy,watch,stable,vulnerable,-0.03536,12000,"-3.54%/yr context(10yr), 12000 speakers → vulnerable"
alr,Alutor,healthy,serious,stable,at_risk,-0.066967,1000,"-6.70%/yr context(10yr), 1000 speakers → at_risk"
alt,Southern Altai,healthy,serious,stable,at_risk,-0.066967,10000,"-6.70%/yr context(10yr), 10000 speakers → at_risk"
amc,Amahuaca,watch,healthy,vulnerable,recovering,0.065728,189,"6.57%/yr context(10yr), 189 speakers → recovering"
ame,Amuesha,serious,healthy,critical,stable,-0.014147,8000,"-1.41%/yr context(10yr), 8000 speakers → stable"
aog,Angoram,watch,unknown,vulnerable,unknown,0.0,,"0.00%/yr context(10yr), None speakers → unknown"
aos,Taikat,watch,serious,vulnerable,at_risk,-0.058642,300,"-5.86%/yr context(10yr), 300 speakers → at_risk"
aph,Athpariya,healthy,serious,stable,critical,-0.104237,1829,"-10.42%/yr context(10yr), 1829 speakers → critical"
apw,Western Apache,healthy,serious,stable,at_risk,-0.066967,7000,"-6.70%/yr context(10yr), 7000 speakers → at_risk"
arg,Aragonese,healthy,serious,stable,at_risk,-0.066967,5000,"-6.70%/yr context(10yr), 5000 speakers → at_risk"
arw,Lokono,healthy,serious,stable,at_risk,-0.066967,1000,"-6.70%/yr context(10yr), 1000 speakers → at_risk"
asb,Assiniboine,watch,serious,vulnerable,at_risk,-0.066967,75,"-6.70%/yr context(10yr), 75 speakers → at_risk"
ask,Ashkun,healthy,serious,stable,at_risk,-0.066967,3500,"-6.70%/yr context(10yr), 3500 speakers → at_risk"
asn,Asuriní of Xingú,serious,watch,critical,vulnerable,-0.026574,110,"-2.66%/yr context(10yr), 110 speakers → vulnerable"
atl,Mount Iraya Agta,gone,unknown,lost,unknown,0.0,,"0.00%/yr context(10yr), None speakers → unknown"
atv,Northern Altai,healthy,serious,stable,at_risk,-0.066967,5000,"-6.70%/yr context(10yr), 5000 speakers → at_risk"
aud,Anuta,watch,serious,vulnerable,at_risk,-0.046785,340,"-4.68%/yr context(10yr), 340 speakers → at_risk"
auj,Awjilah,healthy,serious,stable,critical,-0.15672,1000,"-15.67%/yr context(10yr), 1000 speakers → critical"
auk,Heyo,watch,serious,vulnerable,critical,-0.164453,912,"-16.45%/yr context(10yr), 912 speakers → critical"
aul,Aulua,watch,healthy,vulnerable,recovering,0.031689,750,"3.17%/yr context(10yr), 750 speakers → recovering"
"aun, oin, okk, onk, onr, osu",One,watch,unknown,vulnerable,unknown,0.0,,"0.00%/yr context(10yr), None speakers → unknown"
awe,Awetí,watch,unknown,vulnerable,unknown,0.0,,"0.00%/yr context(10yr), None speakers → unknown"
awm,Arawum,watch,healthy,vulnerable,recovering,0.019805,73,"1.98%/yr context(10yr), 73 speakers → recovering"
aya,Awar,watch,serious,vulnerable,at_risk,-0.067048,576,"-6.70%/yr context(10yr), 576 speakers → at_risk"
ayo,Ayoreo,healthy,serious,stable,at_risk,-0.066495,1585,"-6.65%/yr context(10yr), 1585 speakers → at_risk"
ayu,Ayu,serious,unknown,at_risk,unknown,0.0,,"0.00%/yr context(10yr), None speakers → unknown"
bbs,Bakpinka,healthy,watch,stable,vulnerable,-0.015659,3416,"-1.57%/yr context(10yr), 3416 speakers → vulnerable"
bcq-she,Shé,watch,unknown,vulnerable,unknown,0.0,,"0.00%/yr context(10yr), None speakers → unknown"
bcr,Witsuwit'en,watch,healthy,vulnerable,recovering,0.062666,797,"6.27%/yr context(10yr), 797 speakers → recovering"
bds,Burunge,serious,unknown,at_risk,unknown,0.0,,"0.00%/yr context(10yr), None speakers → unknown"
bdy,Bandjalang,serious,unknown,at_risk,unknown,0.0,,"0.00%/yr context(10yr), None speakers → unknown"
bek,Bebeli,watch,healthy,vulnerable,recovering,0.035744,780,"3.57%/yr context(10yr), 780 speakers → recovering"
bep,Behoa,healthy,watch,stable,vulnerable,-0.028358,6000,"-2.84%/yr context(10yr), 6000 speakers → vulnerable"
beu,Blagar,healthy,serious,stable,at_risk,-0.066967,5000,"-6.70%/yr context(10yr), 5000 speakers → at_risk"
bey,Beli (Papua New Guinea),watch,serious,vulnerable,at_risk,-0.067031,726,"-6.70%/yr context(10yr), 726 speakers → at_risk"
bfm-fun,Fungom,watch,unknown,vulnerable,unknown,0.0,,"0.00%/yr context(10yr), None speakers → unknown"
bfu,Gahri,healthy,serious,stable,at_risk,-0.044175,3500,"-4.42%/yr context(10yr), 3500 speakers → at_risk"
bfz-bag,Baghati,watch,unknown,vulnerable,unknown,0.0,,"0.00%/yr context(10yr), None speakers → unknown"
bgk,Bit,watch,serious,vulnerable,at_risk,-0.066967,500,"-6.70%/yr context(10yr), 500 speakers → at_risk"
bgm,Baga Mboteni,healthy,serious,stable,at_risk,-0.077666,2450,"-7.77%/yr context(10yr), 2450 speakers → at_risk"
bgo,Baga Koga,healthy,serious,stable,at_risk,-0.075801,2500,"-7.58%/yr context(10yr), 2500 speakers → at_risk"
bhd,Bhadrawahi,healthy,serious,stable,at_risk,-0.066967,34500,"-6.70%/yr context(10yr), 34500 speakers → at_risk"
bhm,Baṭḥari,watch,serious,vulnerable,at_risk,-0.066967,50,"-6.70%/yr context(10yr), 50 speakers → at_risk"
"bhn, hrt",Bohtan Neo-Aramaic,watch,unknown,vulnerable,unknown,0.0,,"0.00%/yr context(10yr), None speakers → unknown"
bie,Bepour,serious,unknown,at_risk,unknown,0.0,,"0.00%/yr context(10yr), None speakers → unknown"
"bir, bic",Bisorio,watch,unknown,vulnerable,unknown,0.0,,"0.00%/yr context(10yr), None speakers → unknown"
biy,Birhor,healthy,serious,stable,at_risk,-0.066967,1000,"-6.70%/yr context(10yr), 1000 speakers → at_risk"
bkf,Beeke,watch,serious,vulnerable,at_risk,-0.066967,500,"-6.70%/yr context(10yr), 500 speakers → at_risk"
bla,Niitsipowahsin,healthy,watch,stable,vulnerable,-0.016296,2800,"-1.63%/yr context(10yr), 2800 speakers → vulnerable"
blo,Anii,healthy,serious,stable,at_risk,-0.066967,12500,"-6.70%/yr context(10yr), 12500 speakers → at_risk"
bmf,Bom,serious,unknown,at_risk,unknown,0.0,,"0.00%/yr context(10yr), None speakers → unknown"
bmr,Muinane,watch,healthy,vulnerable,recovering,0.037457,78,"3.75%/yr context(10yr), 78 speakers → recovering"
bob,Aweer,watch,serious,vulnerable,at_risk,-0.066967,100,"-6.70%/yr context(10yr), 100 speakers → at_risk"
bql,Karian,serious,unknown,critical,unknown,0.0,,"0.00%/yr context(10yr), None speakers → unknown"
bqs,Bosmun,watch,serious,vulnerable,at_risk,-0.066967,884,"-6.70%/yr context(10yr), 884 speakers → at_risk"
bqu,Boguru,watch,serious,vulnerable,at_risk,-0.066967,250,"-6.70%/yr context(10yr), 250 speakers → at_risk"
bre,Breton,serious,healthy,critical,stable,0.0,206000,"0.00%/yr context(10yr), 206000 speakers → stable"
bsn-tai,Taiwano,serious,unknown,critical,unknown,0.0,,"0.00%/yr context(10yr), None speakers → unknown"
btv,Bateri,healthy,serious,stable,at_risk,-0.064448,28251,"-6.44%/yr context(10yr), 28251 speakers → at_risk"
bup,Busoa,watch,serious,vulnerable,critical,-0.094749,850,"-9.47%/yr context(10yr), 850 speakers → critical"
buy,Mani,watch,serious,vulnerable,at_risk,-0.066967,100,"-6.70%/yr context(10yr), 100 speakers → at_risk"
bvf,Boor,watch,serious,vulnerable,at_risk,-0.066967,50,"-6.70%/yr context(10yr), 50 speakers → at_risk"
bvj,Baan,healthy,serious,stable,at_risk,-0.066967,2500,"-6.70%/yr context(10yr), 2500 speakers → at_risk"
bxr,Western Buryat,healthy,serious,stable,at_risk,-0.066967,25000,"-6.70%/yr context(10yr), 25000 speakers → at_risk"
bye,Pouye,watch,serious,vulnerable,at_risk,-0.067081,408,"-6.71%/yr context(10yr), 408 speakers → at_risk"
byf,Bete,serious,unknown,at_risk,unknown,0.0,,"0.00%/yr context(10yr), None speakers → unknown"
byw,Belhariya,serious,unknown,at_risk,unknown,0.0,,"0.00%/yr context(10yr), None speakers → unknown"
bzi,Bisu,healthy,serious,stable,at_risk,-0.066967,1370,"-6.70%/yr context(10yr), 1370 speakers → at_risk"
"cac, cnm",Chuj,watch,unknown,vulnerable,unknown,0.0,,"0.00%/yr context(10yr), None speakers → unknown"
"cak, ckk, cke, ckc, cki, ckj, ckd, ckf, ckw, cbm",Kaqchikel,watch,unknown,vulnerable,unknown,0.0,,"0.00%/yr context(10yr), None speakers → unknown"
cat-alg,Algherese Catalan,watch,unknown,vulnerable,unknown,0.0,,"0.00%/yr context(10yr), None speakers → unknown"
cbb,Cabiyarí,watch,healthy,vulnerable,recovering,0.058669,550,"5.87%/yr context(10yr), 550 speakers → recovering"
cbi,Cha'palaa,healthy,watch,recovering,vulnerable,-0.015112,7600,"-1.51%/yr context(10yr), 7600 speakers → vulnerable"
cbr,Cashibo,serious,watch,critical,vulnerable,-0.028115,1900,"-2.81%/yr context(10yr), 1900 speakers → vulnerable"
cbt,Chayahuita,healthy,watch,stable,vulnerable,-0.020335,11400,"-2.03%/yr context(10yr), 11400 speakers → vulnerable"
ccj,Kasanga,serious,unknown,at_risk,unknown,0.0,,"0.00%/yr context(10yr), None speakers → unknown"
cdn,Chaudangsi,healthy,serious,stable,at_risk,-0.066967,1750,"-6.70%/yr context(10yr), 1750 speakers → at_risk"
cfd,Cara,healthy,serious,stable,at_risk,-0.066967,1500,"-6.70%/yr context(10yr), 1500 speakers → at_risk"
cha,Chamorro,healthy,serious,stable,critical,-0.086163,37650,"-8.62%/yr context(10yr), 37650 speakers → critical"
chp,Dënesųłiné,healthy,serious,stable,critical,-0.086099,2235,"-8.61%/yr context(10yr), 2235 speakers → critical"
"chq, cco, cvn",Sierra Chinantec,watch,unknown,vulnerable,unknown,0.0,,"0.00%/yr context(10yr), None speakers → unknown"
chr,ᏣᎳᎩ (Cherokee),healthy,serious,stable,critical,-0.183775,2100,"-18.38%/yr context(10yr), 2100 speakers → critical"
chx,Chantyal,healthy,serious,stable,critical,-0.096195,2000,"-9.62%/yr context(10yr), 2000 speakers → critical"
"ciy, cuo",Chaima,watch,unknown,vulnerable,unknown,0.0,,"0.00%/yr context(10yr), None speakers → unknown"
cje,Chru,healthy,serious,stable,at_risk,-0.066967,5500,"-6.70%/yr context(10yr), 5500 speakers → at_risk"
cjs,Shor,healthy,serious,stable,at_risk,-0.066967,5000,"-6.70%/yr context(10yr), 5000 speakers → at_risk"
ckt,Chukchi,healthy,serious,stable,at_risk,-0.066967,5500,"-6.70%/yr context(10yr), 5500 speakers → at_risk"
ckv,Kavalan,serious,unknown,at_risk,unknown,0.0,,"0.00%/yr context(10yr), None speakers → unknown"
clw-mid,Middle Chulym,watch,unknown,vulnerable,unknown,0.0,,"0.00%/yr context(10yr), None speakers → unknown"
cni,Asháninka,healthy,serious,stable,critical,-0.109722,28000,"-10.97%/yr context(10yr), 28000 speakers → critical"
coa,Cocos Islands Malay,watch,serious,vulnerable,critical,-0.17849,700,"-17.85%/yr context(10yr), 700 speakers → critical"
coe,Coreguaje,serious,watch,at_risk,vulnerable,-0.02404,2000,"-2.40%/yr context(10yr), 2000 speakers → vulnerable"
com,Comanche,watch,serious,vulnerable,at_risk,-0.066967,50,"-6.70%/yr context(10yr), 50 speakers → at_risk"
coo,Éy7á7juuthem (Comox),watch,healthy,vulnerable,recovering,0.059224,64,"5.92%/yr context(10yr), 64 speakers → recovering"
cot,Caquinte,watch,serious,vulnerable,at_risk,-0.058032,275,"-5.80%/yr context(10yr), 275 speakers → at_risk"
coz,Chocho,healthy,serious,recovering,critical,-0.239047,770,"-23.90%/yr context(10yr), 770 speakers → critical"
"cpc, cjo, prq, cpu, cpy, cpb",Ashéninka,watch,unknown,vulnerable,unknown,0.0,,"0.00%/yr context(10yr), None speakers → unknown"
cpg,Cappadocian Greek,serious,unknown,at_risk,unknown,0.0,,"0.00%/yr context(10yr), None speakers → unknown"
crk-pla,Nēhiyawēwin,watch,unknown,vulnerable,unknown,0.0,,"0.00%/yr context(10yr), None speakers → unknown"
"crn, cok",Cora,watch,unknown,vulnerable,unknown,0.0,,"0.00%/yr context(10yr), None speakers → unknown"
"crq, crt",Chorote,watch,unknown,vulnerable,unknown,0.0,,"0.00%/yr context(10yr), None speakers → unknown"
crw,Chrau,healthy,serious,stable,at_risk,-0.066967,7500,"-6.70%/yr context(10yr), 7500 speakers → at_risk"
"crx, caf",Dakelh (Carrier),watch,unknown,vulnerable,unknown,0.0,,"0.00%/yr context(10yr), None speakers → unknown"
"csm, nsq, skd",Sierra Miwok,gone,unknown,lost,unknown,0.0,,"0.00%/yr context(10yr), None speakers → unknown"
"cti, ctu",Chol,watch,unknown,vulnerable,unknown,0.0,,"0.00%/yr context(10yr), None speakers → unknown"
"cuc, cnt",Lower West-Central Chinantec,watch,unknown,vulnerable,unknown,0.0,,"0.00%/yr context(10yr), None speakers → unknown"
"cuc, cvn, csa, cle, cpa",Central Chinantec,watch,unknown,vulnerable,unknown,0.0,,"0.00%/yr context(10yr), None speakers → unknown"
"cuk, kvn",Kuna,watch,unknown,vulnerable,unknown,0.0,,"0.00%/yr context(10yr), None speakers → unknown"
"cux, cut",Cuicatec,watch,unknown,vulnerable,unknown,0.0,,"0.00%/yr context(10yr), None speakers → unknown"
"dak, lkt, sto",Sioux,watch,unknown,vulnerable,unknown,0.0,,"0.00%/yr context(10yr), None speakers → unknown"
dal,Dahalo,watch,serious,vulnerable,at_risk,-0.066967,200,"-6.70%/yr context(10yr), 200 speakers → at_risk"
dbl-gir,Girramay,gone,unknown,lost,unknown,0.0,,"0.00%/yr context(10yr), None speakers → unknown"
dei,Demisa,watch,healthy,vulnerable,recovering,0.011848,450,"1.18%/yr context(10yr), 450 speakers → recovering"
dgg,Doga,watch,serious,vulnerable,at_risk,-0.0498,120,"-4.98%/yr context(10yr), 120 speakers → at_risk"
dhg,Dhangu-Djangu,watch,serious,vulnerable,at_risk,-0.066967,175,"-6.70%/yr context(10yr), 175 speakers → at_risk"
dhi,Dhimal,healthy,serious,stable,critical,-0.09621,20000,"-9.62%/yr context(10yr), 20000 speakers → critical"
dhl,Thalanyji,gone,unknown,lost,unknown,0.0,,"0.00%/yr context(10yr), None speakers → unknown"
dhm,Himba,healthy,serious,stable,at_risk,-0.051248,32500,"-5.12%/yr context(10yr), 32500 speakers → at_risk"
"dif, dit",Diyari,serious,unknown,critical,unknown,0.0,,"0.00%/yr context(10yr), None speakers → unknown"
dih-tip,Tipai,watch,unknown,vulnerable,unknown,0.0,,"0.00%/yr context(10yr), None speakers → unknown"
dii,Dimbong,watch,serious,vulnerable,at_risk,-0.066967,75,"-6.70%/yr context(10yr), 75 speakers → at_risk"
djb-man,Mandjalpingu,serious,unknown,critical,unknown,0.0,,"0.00%/yr context(10yr), None speakers → unknown"
djd-nga,Ngaliwurru,watch,unknown,vulnerable,unknown,0.0,,"0.00%/yr context(10yr), None speakers → unknown"
djn,Jawoyn,watch,serious,vulnerable,at_risk,-0.066967,50,"-6.70%/yr context(10yr), 50 speakers → at_risk"
drd,Darma,healthy,serious,stable,at_risk,-0.066967,1300,"-6.70%/yr context(10yr), 1300 speakers → at_risk"
drh (retired),Darkhat,watch,unknown,vulnerable,unknown,0.0,,"0.00%/yr context(10yr), None speakers → unknown"
"duj, djr",Dhuwal,watch,unknown,vulnerable,unknown,0.0,,"0.00%/yr context(10yr), None speakers → unknown"
duj-lil,Liyagalawumirr,watch,unknown,vulnerable,unknown,0.0,,"0.00%/yr context(10yr), None speakers → unknown"
duj-liy,Liyagawumirr,watch,unknown,vulnerable,unknown,0.0,,"0.00%/yr context(10yr), None speakers → unknown"
ega,Ega,watch,serious,vulnerable,at_risk,-0.066967,500,"-6.70%/yr context(10yr), 500 speakers → at_risk"
elu,Elu,watch,serious,vulnerable,critical,-0.08739,220,"-8.74%/yr context(10yr), 220 speakers → critical"
emp,Northern Emberá,healthy,watch,stable,vulnerable,-0.038125,60200,"-3.81%/yr context(10yr), 60200 speakers → vulnerable"
erh,Erohwa,watch,serious,vulnerable,critical,-0.350882,850,"-35.09%/yr context(10yr), 850 speakers → critical"
fah,Fali of Baissa,gone,unknown,lost,unknown,0.0,,"0.00%/yr context(10yr), None speakers → unknown"
fam,Fam,watch,serious,vulnerable,at_risk,-0.066967,250,"-6.70%/yr context(10yr), 250 speakers → at_risk"
fgr,Fongoro,gone,unknown,lost,unknown,0.0,,"0.00%/yr context(10yr), None speakers → unknown"
"fla, spo",Kalispel-Spokane-Pend d'Oreille-Salish,watch,unknown,vulnerable,unknown,0.0,,"0.00%/yr context(10yr), None speakers → unknown"
fra-dge,Guernésiais,watch,unknown,vulnerable,unknown,0.0,,"0.00%/yr context(10yr), None speakers → unknown"
fra-gal,Gallo,watch,unknown,vulnerable,unknown,0.0,,"0.00%/yr context(10yr), None speakers → unknown"
fra-nor,Norman,watch,unknown,vulnerable,unknown,0.0,,"0.00%/yr context(10yr), None speakers → unknown"
fun,Yaté,healthy,serious,stable,at_risk,-0.066874,1000,"-6.69%/yr context(10yr), 1000 speakers → at_risk"
gaq,Gta',healthy,serious,stable,at_risk,-0.058796,3000,"-5.88%/yr context(10yr), 3000 speakers → at_risk"
gbm-ban,Bangani,watch,unknown,vulnerable,unknown,0.0,,"0.00%/yr context(10yr), None speakers → unknown"
gdm,Laal,watch,serious,vulnerable,at_risk,-0.066967,250,"-6.70%/yr context(10yr), 250 speakers → at_risk"
gei,Gebe,healthy,watch,stable,vulnerable,-0.027749,2000,"-2.77%/yr context(10yr), 2000 speakers → vulnerable"
gev,Geviya,watch,unknown,vulnerable,unknown,0.0,,"0.00%/yr context(10yr), None speakers → unknown"
ghe,Southern Ghale,healthy,serious,stable,critical,-0.113469,1649,"-11.35%/yr context(10yr), 1649 speakers → critical"
ghl,Uncunwee,healthy,serious,stable,at_risk,-0.066967,8000,"-6.70%/yr context(10yr), 8000 speakers → at_risk"
gin,Hinukh,watch,healthy,vulnerable,recovering,0.055379,600,"5.54%/yr context(10yr), 600 speakers → recovering"
giq,Green Gelao,healthy,serious,stable,at_risk,-0.058796,3000,"-5.88%/yr context(10yr), 3000 speakers → at_risk"
gir,Red Gelao,healthy,serious,stable,at_risk,-0.066967,3000,"-6.70%/yr context(10yr), 3000 speakers → at_risk"
git,Gitsenimx̱,watch,healthy,vulnerable,recovering,0.024074,444,"2.41%/yr context(10yr), 444 speakers → recovering"
giw,White Gelao,healthy,serious,stable,at_risk,-0.058796,3000,"-5.88%/yr context(10yr), 3000 speakers → at_risk"
gji-zar,Buu (Nigeria),watch,unknown,vulnerable,unknown,0.0,,"0.00%/yr context(10yr), None speakers → unknown"
gke,Ndai,gone,unknown,lost,unknown,0.0,,"0.00%/yr context(10yr), None speakers → unknown"
gld,Nanai,watch,serious,vulnerable,critical,-0.105521,180,"-10.55%/yr context(10yr), 180 speakers → critical"
gnh,Lere,gone,unknown,lost,unknown,0.0,,"0.00%/yr context(10yr), None speakers → unknown"
gnw,Simba Guaraní,watch,unknown,vulnerable,unknown,0.0,,"0.00%/yr context(10yr), None speakers → unknown"
gob,Playero,watch,serious,vulnerable,at_risk,-0.066967,200,"-6.70%/yr context(10yr), 200 speakers → at_risk"
gqu,Gao Gelao,healthy,serious,stable,at_risk,-0.058796,3000,"-5.88%/yr context(10yr), 3000 speakers → at_risk"
grx,Guriaso,watch,serious,vulnerable,at_risk,-0.067189,210,"-6.72%/yr context(10yr), 210 speakers → at_risk"
gua,Shiki,watch,serious,vulnerable,at_risk,-0.066967,500,"-6.70%/yr context(10yr), 500 speakers → at_risk"
"guf, gnn",Dhuwala,watch,unknown,vulnerable,unknown,0.0,,"0.00%/yr context(10yr), None speakers → unknown"
gut,Guatuso,watch,healthy,vulnerable,recovering,0.105135,750,"10.51%/yr context(10yr), 750 speakers → recovering"
gvo-zor,Zoró,watch,unknown,vulnerable,unknown,0.0,,"0.00%/yr context(10yr), None speakers → unknown"
gwe,Gweno,watch,unknown,vulnerable,unknown,0.0,,"0.00%/yr context(10yr), None speakers → unknown"
gym,Guaymí,healthy,serious,stable,critical,-0.285904,5090,"-28.59%/yr context(10yr), 5090 speakers → critical"
hac,Gurani,healthy,serious,stable,at_risk,-0.066967,50000,"-6.70%/yr context(10yr), 50000 speakers → at_risk"
hah-rat,Ratsua,watch,unknown,vulnerable,unknown,0.0,,"0.00%/yr context(10yr), None speakers → unknown"
has,X̄enaksialak̓ala / X̄a'islak̓ala (Haisla),watch,serious,vulnerable,critical,-0.104785,80,"-10.48%/yr context(10yr), 80 speakers → critical"
hbu,Habu,healthy,serious,stable,critical,-0.094552,1000,"-9.46%/yr context(10yr), 1000 speakers → critical"
"hdn, hax",Xaad Kil (Haida),watch,unknown,vulnerable,unknown,0.0,,"0.00%/yr context(10yr), None speakers → unknown"
hio,Tshwa,healthy,watch,stable,vulnerable,-0.028931,4100,"-2.89%/yr context(10yr), 4100 speakers → vulnerable"
hnu,Hung,watch,serious,vulnerable,at_risk,-0.066967,250,"-6.70%/yr context(10yr), 250 speakers → at_risk"
hnu-pho,Pong,watch,unknown,vulnerable,unknown,0.0,,"0.00%/yr context(10yr), None speakers → unknown"
hnu-tou,Tum,watch,unknown,vulnerable,unknown,0.0,,"0.00%/yr context(10yr), None speakers → unknown"
hoe,Horom,watch,serious,vulnerable,at_risk,-0.066967,750,"-6.70%/yr context(10yr), 750 speakers → at_risk"
hru-lev,Levai,watch,unknown,vulnerable,unknown,0.0,,"0.00%/yr context(10yr), None speakers → unknown"
hrv-bur,Burgenland Croatian,watch,unknown,vulnerable,unknown,0.0,,"0.00%/yr context(10yr), None speakers → unknown"
"hsf, hus, hva",Huastec,watch,unknown,vulnerable,unknown,0.0,,"0.00%/yr context(10yr), None speakers → unknown"
"hug, amr",Harakmbut,watch,unknown,vulnerable,unknown,0.0,,"0.00%/yr context(10yr), None speakers → unknown"
huh,Huilliche,serious,unknown,at_risk,unknown,0.0,,"0.00%/yr context(10yr), None speakers → unknown"
huq,Tsat,healthy,serious,stable,at_risk,-0.066967,2000,"-6.70%/yr context(10yr), 2000 speakers → at_risk"
"hve, hue, huv, hvv",Huave,watch,unknown,vulnerable,unknown,0.0,,"0.00%/yr context(10yr), None speakers → unknown"
ibe-iko,Ikorom,watch,unknown,vulnerable,unknown,0.0,,"0.00%/yr context(10yr), None speakers → unknown"
ibn,Ibino,healthy,serious,stable,at_risk,-0.066967,5000,"-6.70%/yr context(10yr), 5000 speakers → at_risk"
ibr,Ibuoro,healthy,serious,stable,at_risk,-0.066967,5000,"-6.70%/yr context(10yr), 5000 speakers → at_risk"
ilg-gar,Garig,gone,unknown,lost,unknown,0.0,,"0.00%/yr context(10yr), None speakers → unknown"
"inb, inj",Inga,watch,unknown,vulnerable,unknown,0.0,,"0.00%/yr context(10yr), None speakers → unknown"
ipk,Inupiaq,healthy,serious,stable,critical,-0.196192,3000,"-19.62%/yr context(10yr), 3000 speakers → critical"
irn,Irantxe,watch,healthy,vulnerable,recovering,0.137359,326,"13.74%/yr context(10yr), 326 speakers → recovering"
isk,Ishkashimi,healthy,serious,stable,at_risk,-0.075801,2500,"-7.58%/yr context(10yr), 2500 speakers → at_risk"
itm,Itu Mbon Uzo,healthy,serious,stable,at_risk,-0.066967,5000,"-6.70%/yr context(10yr), 5000 speakers → at_risk"
"ixi, ixj, ixl",Ixil,watch,unknown,vulnerable,unknown,0.0,,"0.00%/yr context(10yr), None speakers → unknown"
jaa-kit,Banawá,watch,unknown,vulnerable,unknown,0.0,,"0.00%/yr context(10yr), None speakers → unknown"
"jac, jai",Jakalteko,watch,unknown,vulnerable,unknown,0.0,,"0.00%/yr context(10yr), None speakers → unknown"
jeu,Jonkor Bourmataguil,watch,serious,vulnerable,at_risk,-0.066967,750,"-6.70%/yr context(10yr), 750 speakers → at_risk"
jid,Bu,watch,unknown,vulnerable,unknown,0.0,,"0.00%/yr context(10yr), None speakers → unknown"
jie,Jilbe,healthy,serious,stable,at_risk,-0.066967,1000,"-6.70%/yr context(10yr), 1000 speakers → at_risk"
jiu,Youle Jinuo,healthy,serious,stable,at_risk,-0.066967,5225,"-6.70%/yr context(10yr), 5225 speakers → at_risk"
"jmx, miy, vmc",Southern Baja Mixtec,watch,unknown,vulnerable,unknown,0.0,,"0.00%/yr context(10yr), None speakers → unknown"
kax,Kao,watch,serious,vulnerable,at_risk,-0.066967,200,"-6.70%/yr context(10yr), 200 speakers → at_risk"
kbb,Katxúyana,watch,serious,vulnerable,at_risk,-0.066967,75,"-6.70%/yr context(10yr), 75 speakers → at_risk"
kbj,Kari,watch,serious,vulnerable,at_risk,-0.066967,500,"-6.70%/yr context(10yr), 500 speakers → at_risk"
kbs,Kande,watch,serious,vulnerable,at_risk,-0.066967,50,"-6.70%/yr context(10yr), 50 speakers → at_risk"
"kbw, trb",Kaiep,watch,unknown,vulnerable,unknown,0.0,,"0.00%/yr context(10yr), None speakers → unknown"
kct,Kaian,watch,serious,vulnerable,at_risk,-0.066967,396,"-6.70%/yr context(10yr), 396 speakers → at_risk"
kcu,Kami (Tanzania),healthy,serious,stable,critical,-0.103204,5518,"-10.32%/yr context(10yr), 5518 speakers → critical"
kcx-gan,Ganjulé,watch,unknown,vulnerable,unknown,0.0,,"0.00%/yr context(10yr), None speakers → unknown"
kdq-ban,Pani Koch,watch,unknown,vulnerable,unknown,0.0,,"0.00%/yr context(10yr), None speakers → unknown"
kdy,Keijar,watch,serious,vulnerable,at_risk,-0.06952,180,"-6.95%/yr context(10yr), 180 speakers → at_risk"
kfk,Kinnauri,serious,unknown,at_risk,unknown,0.0,,"0.00%/yr context(10yr), None speakers → unknown"
kgi,Selangor Sign Language,watch,serious,vulnerable,at_risk,-0.066967,250,"-6.70%/yr context(10yr), 250 speakers → at_risk"
"kgk, pta",Kaiwá,watch,unknown,vulnerable,unknown,0.0,,"0.00%/yr context(10yr), None speakers → unknown"
kio,Kiowa,watch,serious,vulnerable,at_risk,-0.066967,50,"-6.70%/yr context(10yr), 50 speakers → at_risk"
kjh-fyk,Manchurian Kirghiz,gone,unknown,lost,unknown,0.0,,"0.00%/yr context(10yr), None speakers → unknown"
kkm,Kiong,watch,serious,vulnerable,at_risk,-0.066967,50,"-6.70%/yr context(10yr), 50 speakers → at_risk"
kko,Karko (Sudan),healthy,serious,stable,at_risk,-0.066967,4000,"-6.70%/yr context(10yr), 4000 speakers → at_risk"
klc,Kolbila,serious,unknown,at_risk,unknown,0.0,,"0.00%/yr context(10yr), None speakers → unknown"
klf,Kendeje,healthy,serious,stable,at_risk,-0.066967,1000,"-6.70%/yr context(10yr), 1000 speakers → at_risk"
knp-nyj,Nyanjang,gone,unknown,lost,unknown,0.0,,"0.00%/yr context(10yr), None speakers → unknown"
koe-baa,Baale,watch,unknown,vulnerable,unknown,0.0,,"0.00%/yr context(10yr), None speakers → unknown"
kog,Cogui,serious,watch,critical,vulnerable,-0.015561,9770,"-1.56%/yr context(10yr), 9770 speakers → vulnerable"
kos,Kosraean,serious,watch,at_risk,vulnerable,-0.023517,7790,"-2.35%/yr context(10yr), 7790 speakers → vulnerable"
kov,Kudu-Camo,serious,unknown,at_risk,unknown,0.0,,"0.00%/yr context(10yr), None speakers → unknown"
kpa,Kupto,healthy,serious,stable,at_risk,-0.066967,1500,"-6.70%/yr context(10yr), 1500 speakers → at_risk"
kpv-yaz,Yazva,watch,unknown,vulnerable,unknown,0.0,,"0.00%/yr context(10yr), None speakers → unknown"
kqg,Khe,healthy,serious,stable,critical,-0.134303,1300,"-13.43%/yr context(10yr), 1300 speakers → critical"
kra,Kumhali,healthy,serious,stable,critical,-0.139798,12200,"-13.98%/yr context(10yr), 12200 speakers → critical"
krd,Kairui-Midiki,healthy,serious,stable,critical,-0.237235,1000,"-23.72%/yr context(10yr), 1000 speakers → critical"
krm,Krim,serious,unknown,at_risk,unknown,0.0,,"0.00%/yr context(10yr), None speakers → unknown"
kry,Kryts,healthy,serious,stable,at_risk,-0.066967,2500,"-6.70%/yr context(10yr), 2500 speakers → at_risk"
kuf-dak,Dakkang,watch,unknown,vulnerable,unknown,0.0,,"0.00%/yr context(10yr), None speakers → unknown"
kuf-tri,Triw,watch,unknown,vulnerable,unknown,0.0,,"0.00%/yr context(10yr), None speakers → unknown"
"kui, mzo",Kuikuro,watch,unknown,vulnerable,unknown,0.0,,"0.00%/yr context(10yr), None speakers → unknown"
kuy,Kuuku-Ya'u,watch,serious,vulnerable,at_risk,-0.066967,50,"-6.70%/yr context(10yr), 50 speakers → at_risk"
kvc,Kove,healthy,watch,stable,vulnerable,-0.039735,4500,"-3.97%/yr context(10yr), 4500 speakers → vulnerable"
kvf,Kabalai,healthy,serious,stable,critical,-0.166111,8942,"-16.61%/yr context(10yr), 8942 speakers → critical"
kwi,Awa Pit,healthy,serious,stable,at_risk,-0.066967,8732,"-6.70%/yr context(10yr), 8732 speakers → at_risk"
kwo,Kwomtari,watch,serious,vulnerable,at_risk,-0.066967,400,"-6.70%/yr context(10yr), 400 speakers → at_risk"
kxn,Kanowit-Tanjong,watch,serious,vulnerable,at_risk,-0.066967,50,"-6.70%/yr context(10yr), 50 speakers → at_risk"
kxu,Kui (India),healthy,serious,stable,at_risk,-0.066967,250000,"-6.70%/yr context(10yr), 250000 speakers → at_risk"
kyz,Kawaiwete,watch,serious,vulnerable,at_risk,-0.058032,550,"-5.80%/yr context(10yr), 550 speakers → at_risk"
kzb,Kaibobo,watch,serious,vulnerable,at_risk,-0.066967,250,"-6.70%/yr context(10yr), 250 speakers → at_risk"
kzd,Kadai,watch,serious,vulnerable,at_risk,-0.054425,200,"-5.44%/yr context(10yr), 200 speakers → at_risk"
"kzg, xug, ryn, okn, ams, tkn, yox",Amami-North Okinawan,watch,unknown,vulnerable,unknown,0.0,,"0.00%/yr context(10yr), None speakers → unknown"
law-amp,Ampibabo,watch,unknown,vulnerable,unknown,0.0,,"0.00%/yr context(10yr), None speakers → unknown"
lbo-juk,Juk,watch,unknown,vulnerable,unknown,0.0,,"0.00%/yr context(10yr), None speakers → unknown"
lep,Lepcha,serious,unknown,at_risk,unknown,0.0,,"0.00%/yr context(10yr), None speakers → unknown"
lgh,Laghuu,watch,serious,vulnerable,at_risk,-0.066967,500,"-6.70%/yr context(10yr), 500 speakers → at_risk"
lgt,Pahi,watch,serious,vulnerable,at_risk,-0.066967,299,"-6.70%/yr context(10yr), 299 speakers → at_risk"
lig-hwe,Hwela,watch,unknown,vulnerable,unknown,0.0,,"0.00%/yr context(10yr), None speakers → unknown"
lkl,Laeko-Libuat,watch,serious,vulnerable,at_risk,-0.066967,269,"-6.70%/yr context(10yr), 269 speakers → at_risk"
lou,Louisiana Creole,healthy,serious,stable,at_risk,-0.044175,3500,"-4.42%/yr context(10yr), 3500 speakers → at_risk"
"lut, sno, ska",Lushootseed,gone,unknown,lost,unknown,0.0,,"0.00%/yr context(10yr), None speakers → unknown"
"mab, mil, mqh, mtx, mxs, mxy, vmm, vmx, xtd, xtp, xts",Eastern Alta Mixtec,watch,unknown,vulnerable,unknown,0.0,,"0.00%/yr context(10yr), None speakers → unknown"
mae-ruk,Rukul,watch,unknown,vulnerable,unknown,0.0,,"0.00%/yr context(10yr), None speakers → unknown"
mbc,Makushi,healthy,serious,stable,at_risk,-0.066967,3915,"-6.70%/yr context(10yr), 3915 speakers → at_risk"
"mbz, mih, mio, mjc, mtu, mxt, mza, vmj",Coast Mixtec,watch,unknown,vulnerable,unknown,0.0,,"0.00%/yr context(10yr), None speakers → unknown"
"mce, mdv, meh, mib, mie, mig, mpm, mvg, xti, xtj, xtl, xtm, xtn, xtt ",Western Alta Mixtec,watch,unknown,vulnerable,unknown,0.0,,"0.00%/yr context(10yr), None speakers → unknown"
"mcf, pig",Matsés,watch,unknown,vulnerable,unknown,0.0,,"0.00%/yr context(10yr), None speakers → unknown"
"mco, mir, mzl, pxm",Lowland Mixe,watch,unknown,vulnerable,unknown,0.0,,"0.00%/yr context(10yr), None speakers → unknown"
mcu-lan,Langa,watch,unknown,vulnerable,unknown,0.0,,"0.00%/yr context(10yr), None speakers → unknown"
mhb,Mahongwe,watch,serious,vulnerable,at_risk,-0.066967,500,"-6.70%/yr context(10yr), 500 speakers → at_risk"
"mii, mit, xtb",Northern Baja Mixtec,watch,unknown,vulnerable,unknown,0.0,,"0.00%/yr context(10yr), None speakers → unknown"
mik,Mikasuki,watch,serious,vulnerable,critical,-0.213192,500,"-21.32%/yr context(10yr), 500 speakers → critical"
"mim, mxv, xta, xty",Guerrero Mixtec,watch,unknown,vulnerable,unknown,0.0,,"0.00%/yr context(10yr), None speakers → unknown"
"mip, vmq",Northeastern Alta Mixtec,watch,unknown,vulnerable,unknown,0.0,,"0.00%/yr context(10yr), None speakers → unknown"
"miu, mxb",Tezoatlan Mixtec,watch,unknown,vulnerable,unknown,0.0,,"0.00%/yr context(10yr), None speakers → unknown"
"miz, xtu",Northern Alta Mixtec,watch,unknown,vulnerable,unknown,0.0,,"0.00%/yr context(10yr), None speakers → unknown"
mjd,Konkow,gone,unknown,lost,unknown,0.0,,"0.00%/yr context(10yr), None speakers → unknown"
mjg-huz,Huzhu,watch,unknown,vulnerable,unknown,0.0,,"0.00%/yr context(10yr), None speakers → unknown"
mkc,Siliput,watch,serious,vulnerable,at_risk,-0.066613,132,"-6.66%/yr context(10yr), 132 speakers → at_risk"
"mks, mxa",Central Baja Mixtec,watch,unknown,vulnerable,unknown,0.0,,"0.00%/yr context(10yr), None speakers → unknown"
mlj,Miltu,watch,serious,vulnerable,at_risk,-0.066967,150,"-6.70%/yr context(10yr), 150 speakers → at_risk"
mll,Malua Bay,watch,unknown,vulnerable,unknown,0.0,,"0.00%/yr context(10yr), None speakers → unknown"
mmp,Siawi,watch,healthy,vulnerable,recovering,0.033396,75,"3.34%/yr context(10yr), 75 speakers → recovering"
mok,Marori,watch,serious,vulnerable,critical,-0.1805,75,"-18.05%/yr context(10yr), 75 speakers → critical"
mpk,Mbara (Chad),watch,serious,vulnerable,at_risk,-0.066967,500,"-6.70%/yr context(10yr), 500 speakers → at_risk"
mqm,South Marquesan,watch,unknown,vulnerable,unknown,0.0,,"0.00%/yr context(10yr), None speakers → unknown"
mra,Mlabri,watch,serious,vulnerable,at_risk,-0.066967,200,"-6.70%/yr context(10yr), 200 speakers → at_risk"
mrj,Western Mari,healthy,serious,stable,at_risk,-0.066967,25000,"-6.70%/yr context(10yr), 25000 speakers → at_risk"
mru,Mono (Cameroon),watch,serious,vulnerable,at_risk,-0.066967,150,"-6.70%/yr context(10yr), 150 speakers → at_risk"
mtf,Murik,watch,serious,vulnerable,at_risk,-0.066967,628,"-6.70%/yr context(10yr), 628 speakers → at_risk"
muz,Mursi,watch,unknown,vulnerable,unknown,0.0,,"0.00%/yr context(10yr), None speakers → unknown"
mvi,Miyako,healthy,serious,stable,critical,-0.2232,1000,"-22.32%/yr context(10yr), 1000 speakers → critical"
mvm,Muya,healthy,serious,stable,at_risk,-0.066967,7500,"-6.70%/yr context(10yr), 7500 speakers → at_risk"
mwp,Kalaw Kawaw Ya,watch,serious,vulnerable,critical,-0.138573,900,"-13.86%/yr context(10yr), 900 speakers → critical"
"mxq, neq",Midland Mixe,watch,unknown,vulnerable,unknown,0.0,,"0.00%/yr context(10yr), None speakers → unknown"
mxw,Namo,watch,serious,vulnerable,critical,-0.144282,80,"-14.43%/yr context(10yr), 80 speakers → critical"
mya-yaw,Yaw,watch,unknown,vulnerable,unknown,0.0,,"0.00%/yr context(10yr), None speakers → unknown"
mym-bod,Bodi,watch,unknown,vulnerable,unknown,0.0,,"0.00%/yr context(10yr), None speakers → unknown"
"mzh, wlv, mtp",Wichí,watch,unknown,vulnerable,unknown,0.0,,"0.00%/yr context(10yr), None speakers → unknown"
"mzx, mpw",Mawayana,gone,unknown,lost,unknown,0.0,,"0.00%/yr context(10yr), None speakers → unknown"
nad,Palyku,gone,unknown,lost,unknown,0.0,,"0.00%/yr context(10yr), None speakers → unknown"
naj,Nalu,healthy,serious,stable,at_risk,-0.066967,11000,"-6.70%/yr context(10yr), 11000 speakers → at_risk"
nam-nan,Ngan'gikurunggurr,watch,unknown,vulnerable,unknown,0.0,,"0.00%/yr context(10yr), None speakers → unknown"
nbd,Ngbinda,gone,unknown,lost,unknown,0.0,,"0.00%/yr context(10yr), None speakers → unknown"
nbj,Ngarinyman,watch,serious,vulnerable,at_risk,-0.066967,85,"-6.70%/yr context(10yr), 85 speakers → at_risk"
nbj-bil,Bilinarra,gone,unknown,lost,unknown,0.0,,"0.00%/yr context(10yr), None speakers → unknown"
njo-cho,Chungli,watch,unknown,vulnerable,unknown,0.0,,"0.00%/yr context(10yr), None speakers → unknown"
nkh,Khezha Naga,healthy,serious,stable,at_risk,-0.066967,11500,"-6.70%/yr context(10yr), 11500 speakers → at_risk"
nki,Thangal Naga,healthy,serious,stable,at_risk,-0.066967,11800,"-6.70%/yr context(10yr), 11800 speakers → at_risk"
nkj,Nakai,serious,unknown,at_risk,unknown,0.0,,"0.00%/yr context(10yr), None speakers → unknown"
nkx,Nkoroo,healthy,serious,stable,at_risk,-0.066967,2500,"-6.70%/yr context(10yr), 2500 speakers → at_risk"
nkz,Nkari,healthy,serious,stable,at_risk,-0.066967,5000,"-6.70%/yr context(10yr), 5000 speakers → at_risk"
nli-zem,Zemiaki,watch,unknown,vulnerable,unknown,0.0,,"0.00%/yr context(10yr), None speakers → unknown"
nlr,Ngarla,gone,unknown,lost,unknown,0.0,,"0.00%/yr context(10yr), None speakers → unknown"
nm0,Nyagrong Minyag,watch,unknown,vulnerable,unknown,0.0,,"0.00%/yr context(10yr), None speakers → unknown"
nnl,Northern Rengma Naga,healthy,serious,stable,at_risk,-0.066967,3300,"-6.70%/yr context(10yr), 3300 speakers → at_risk"
nns,Ningye,healthy,serious,stable,at_risk,-0.066967,2000,"-6.70%/yr context(10yr), 2000 speakers → at_risk"
nog-tat,Alabugat Tatar,watch,unknown,vulnerable,unknown,0.0,,"0.00%/yr context(10yr), None speakers → unknown"
npo,Pochuri Naga,healthy,serious,stable,at_risk,-0.066967,6500,"-6.70%/yr context(10yr), 6500 speakers → at_risk"
nri,Chokri Naga,healthy,serious,stable,critical,-0.09621,20000,"-9.62%/yr context(10yr), 20000 speakers → critical"
nsr,Maritime Sign Language,watch,serious,vulnerable,at_risk,-0.066967,50,"-6.70%/yr context(10yr), 50 speakers → at_risk"
nuk,Nuuchahnulth (Nootka),watch,healthy,vulnerable,recovering,0.02528,172,"2.53%/yr context(10yr), 172 speakers → recovering"
nun,Anong,healthy,watch,stable,vulnerable,-0.030362,4040,"-3.04%/yr context(10yr), 4040 speakers → vulnerable"
nux,Mehek,healthy,serious,stable,at_risk,-0.066944,2014,"-6.69%/yr context(10yr), 2014 speakers → at_risk"
oac,Oroch,watch,serious,vulnerable,at_risk,-0.066967,75,"-6.70%/yr context(10yr), 75 speakers → at_risk"
oci-auv,Auvergnat,watch,unknown,vulnerable,unknown,0.0,,"0.00%/yr context(10yr), None speakers → unknown"
oci-gsc,Gascon,watch,unknown,vulnerable,unknown,0.0,,"0.00%/yr context(10yr), None speakers → unknown"
oci-lim,Limousin,watch,unknown,vulnerable,unknown,0.0,,"0.00%/yr context(10yr), None speakers → unknown"
oci-lnc,Languedocien,healthy,unknown,alive,unknown,0.0,,"0.00%/yr context(10yr), None speakers → unknown"
oci-prv,Provençal,watch,unknown,vulnerable,unknown,0.0,,"0.00%/yr context(10yr), None speakers → unknown"
ojw,Saulteaux,healthy,serious,stable,at_risk,-0.066967,5000,"-6.70%/yr context(10yr), 5000 speakers → at_risk"
oka,Nsyilxcən,watch,serious,vulnerable,critical,-0.088167,149,"-8.82%/yr context(10yr), 149 speakers → critical"
ood,O'odham,healthy,serious,stable,critical,-0.12184,15000,"-12.18%/yr context(10yr), 15000 speakers → critical"
orh,Oroqen,healthy,serious,stable,at_risk,-0.066967,1250,"-6.70%/yr context(10yr), 1250 speakers → at_risk"
otw,Ottawa,healthy,serious,stable,critical,-0.096195,2000,"-9.62%/yr context(10yr), 2000 speakers → critical"
pah-dia,Diahói,gone,unknown,lost,unknown,0.0,,"0.00%/yr context(10yr), None speakers → unknown"
paq,Parya,healthy,serious,stable,at_risk,-0.066967,3750,"-6.70%/yr context(10yr), 3750 speakers → at_risk"
pay,Pech,watch,healthy,vulnerable,recovering,0.051353,990,"5.14%/yr context(10yr), 990 speakers → recovering"
"pbf, pbe, pow, poe, pps, pls, pca",Popoloca,watch,unknown,vulnerable,unknown,0.0,,"0.00%/yr context(10yr), None speakers → unknown"
peq,Southern Pomo,gone,unknown,lost,unknown,0.0,,"0.00%/yr context(10yr), None speakers → unknown"
pey,Petjo,serious,unknown,at_risk,unknown,0.0,,"0.00%/yr context(10yr), None speakers → unknown"
pez,Eastern Penan,healthy,serious,stable,at_risk,-0.066967,5000,"-6.70%/yr context(10yr), 5000 speakers → at_risk"
pho,Phunoi,healthy,serious,stable,at_risk,-0.066967,11809,"-6.70%/yr context(10yr), 11809 speakers → at_risk"
pif,Pingelapese,watch,serious,vulnerable,critical,-0.237235,200,"-23.72%/yr context(10yr), 200 speakers → critical"
pih,Pitcairn-Norfolk,watch,serious,vulnerable,at_risk,-0.066967,315,"-6.70%/yr context(10yr), 315 speakers → at_risk"
pin,Piame,watch,serious,vulnerable,at_risk,-0.066967,50,"-6.70%/yr context(10yr), 50 speakers → at_risk"
plu,Palikur,healthy,serious,stable,critical,-0.096195,2000,"-9.62%/yr context(10yr), 2000 speakers → critical"
"poh, pob",Poqomchi',watch,unknown,vulnerable,unknown,0.0,,"0.00%/yr context(10yr), None speakers → unknown"
ppl,Pipil,watch,healthy,vulnerable,recovering,0.060322,97,"6.03%/yr context(10yr), 97 speakers → recovering"
psg,Penang Sign Language,watch,serious,vulnerable,at_risk,-0.066967,500,"-6.70%/yr context(10yr), 500 speakers → at_risk"
psq,Pasi,watch,serious,vulnerable,at_risk,-0.066967,77,"-6.70%/yr context(10yr), 77 speakers → at_risk"
psr,Portuguese Sign Language,healthy,serious,stable,at_risk,-0.066967,4000,"-6.70%/yr context(10yr), 4000 speakers → at_risk"
pto,Zo'é,watch,healthy,vulnerable,recovering,0.057642,310,"5.76%/yr context(10yr), 310 speakers → recovering"
ptp-den,Dengalu,watch,unknown,vulnerable,unknown,0.0,,"0.00%/yr context(10yr), None speakers → unknown"
qb8,Figuig,watch,unknown,vulnerable,unknown,0.0,,"0.00%/yr context(10yr), None speakers → unknown"
quv,Sakapulteko,healthy,watch,stable,vulnerable,-0.032789,3940,"-3.28%/yr context(10yr), 3940 speakers → vulnerable"
qux,Yauyos Quechua,watch,serious,vulnerable,at_risk,-0.066967,225,"-6.70%/yr context(10yr), 225 speakers → at_risk"
"qva, qvh, qvm",Chiquian-Bolognesi Quechua,watch,unknown,vulnerable,unknown,0.0,,"0.00%/yr context(10yr), None speakers → unknown"
"qvj, qud; qxr, qug, qvi, qvz, qxj, quw, qvo",Highland Ecuadorian Quichua,healthy,unknown,alive,unknown,0.0,,"0.00%/yr context(10yr), None speakers → unknown"
qvo,Lowland Ecuadorian Quichua,healthy,serious,stable,critical,-0.106405,17855,"-10.64%/yr context(10yr), 17855 speakers → critical"
"qwa, qws, qxn, qxo",Conchucos Quechua,watch,unknown,vulnerable,unknown,0.0,,"0.00%/yr context(10yr), None speakers → unknown"
rar,Rarotongan,watch,unknown,vulnerable,unknown,0.0,,"0.00%/yr context(10yr), None speakers → unknown"
res,Reshe,healthy,serious,stable,critical,-0.087555,22000,"-8.76%/yr context(10yr), 22000 speakers → critical"
rhp,Yahang,watch,serious,vulnerable,critical,-0.199926,591,"-19.99%/yr context(10yr), 591 speakers → critical"
ruh,Ruga,gone,unknown,lost,unknown,0.0,,"0.00%/yr context(10yr), None speakers → unknown"
rys,Yaeyama,watch,unknown,vulnerable,unknown,0.0,,"0.00%/yr context(10yr), None speakers → unknown"
sab,Bocotá,healthy,watch,stable,vulnerable,-0.025925,2500,"-2.59%/yr context(10yr), 2500 speakers → vulnerable"
say-sig,Guus,watch,unknown,vulnerable,unknown,0.0,,"0.00%/yr context(10yr), None speakers → unknown"
sbf,Shabo,watch,serious,vulnerable,at_risk,-0.066967,300,"-6.70%/yr context(10yr), 300 speakers → at_risk"
scb-may,May,watch,unknown,vulnerable,unknown,0.0,,"0.00%/yr context(10yr), None speakers → unknown"
scb-ruc,Ruc,watch,unknown,vulnerable,unknown,0.0,,"0.00%/yr context(10yr), None speakers → unknown"
scs-bea,Bearlake,watch,unknown,vulnerable,unknown,0.0,,"0.00%/yr context(10yr), None speakers → unknown"
scs-har,Hare,watch,unknown,vulnerable,unknown,0.0,,"0.00%/yr context(10yr), None speakers → unknown"
"sdk, keh",Kwaruwi Kwundi,watch,unknown,vulnerable,unknown,0.0,,"0.00%/yr context(10yr), None speakers → unknown"
sdp,Sherdukpen,healthy,serious,stable,at_risk,-0.066967,1000,"-6.70%/yr context(10yr), 1000 speakers → at_risk"
sea,Semai,healthy,serious,stable,at_risk,-0.066967,14500,"-6.70%/yr context(10yr), 14500 speakers → at_risk"
sgh-bar,Bartangi,watch,unknown,vulnerable,unknown,0.0,,"0.00%/yr context(10yr), None speakers → unknown"
sgh-khu,Khufi,watch,unknown,vulnerable,unknown,0.0,,"0.00%/yr context(10yr), None speakers → unknown"
sgh-oro,Oroshor,watch,unknown,vulnerable,unknown,0.0,,"0.00%/yr context(10yr), None speakers → unknown"
sgh-rus,Rushani,watch,unknown,vulnerable,unknown,0.0,,"0.00%/yr context(10yr), None speakers → unknown"
sgk,Sangkong,healthy,serious,stable,at_risk,-0.066967,1000,"-6.70%/yr context(10yr), 1000 speakers → at_risk"
sgt,Brokpake,healthy,serious,stable,at_risk,-0.066967,2500,"-6.70%/yr context(10yr), 2500 speakers → at_risk"
shg,Shua,healthy,watch,stable,vulnerable,-0.028931,4100,"-2.89%/yr context(10yr), 4100 speakers → vulnerable"
sie-mwe,Mwenyi,watch,unknown,vulnerable,unknown,0.0,,"0.00%/yr context(10yr), None speakers → unknown"
sik,Shikuyana,watch,serious,vulnerable,at_risk,-0.066967,81,"-6.70%/yr context(10yr), 81 speakers → at_risk"
sim,Mende,healthy,serious,stable,at_risk,-0.066985,2528,"-6.70%/yr context(10yr), 2528 speakers → at_risk"
sjw,Shawnee,watch,serious,vulnerable,at_risk,-0.066967,50,"-6.70%/yr context(10yr), 50 speakers → at_risk"
skv,Skou,watch,serious,vulnerable,at_risk,-0.066967,350,"-6.70%/yr context(10yr), 350 speakers → at_risk"
"snn, sey",Siona-Secoya,watch,unknown,vulnerable,unknown,0.0,,"0.00%/yr context(10yr), None speakers → unknown"
soh,Aka,serious,unknown,at_risk,unknown,0.0,,"0.00%/yr context(10yr), None speakers → unknown"
spg,Sian,watch,healthy,vulnerable,recovering,0.185868,275,"18.59%/yr context(10yr), 275 speakers → recovering"
sqt,Soqoṭri,healthy,serious,stable,at_risk,-0.075816,25000,"-7.58%/yr context(10yr), 25000 speakers → at_risk"
sri,Siriano,watch,serious,vulnerable,critical,-0.124483,217,"-12.45%/yr context(10yr), 217 speakers → critical"
srq,Sirionó,watch,serious,vulnerable,at_risk,-0.066967,50,"-6.70%/yr context(10yr), 50 speakers → at_risk"
stp,Southern Tepehuán,watch,unknown,vulnerable,unknown,0.0,,"0.00%/yr context(10yr), None speakers → unknown"
"sum, yan, ulw",Sumo,watch,unknown,vulnerable,unknown,0.0,,"0.00%/yr context(10yr), None speakers → unknown"
suz,Sunwar,healthy,serious,stable,at_risk,-0.070026,26611,"-7.00%/yr context(10yr), 26611 speakers → at_risk"
suz-sur,Surel,watch,unknown,vulnerable,unknown,0.0,,"0.00%/yr context(10yr), None speakers → unknown"
sxe,Sighu,serious,unknown,at_risk,unknown,0.0,,"0.00%/yr context(10yr), None speakers → unknown"
syn,Senaya,watch,serious,vulnerable,at_risk,-0.066967,100,"-6.70%/yr context(10yr), 100 speakers → at_risk"
syo,Suoy,watch,serious,vulnerable,at_risk,-0.066967,250,"-6.70%/yr context(10yr), 250 speakers → at_risk"
syw,Kagate,watch,unknown,vulnerable,unknown,0.0,,"0.00%/yr context(10yr), None speakers → unknown"
szc,Semaq Beri,healthy,serious,stable,at_risk,-0.066967,1244,"-6.70%/yr context(10yr), 1244 speakers → at_risk"
"tar, thh, tcu, twr, tac",Tarahumara,watch,unknown,vulnerable,unknown,0.0,,"0.00%/yr context(10yr), None speakers → unknown"
tat-bar,Baraba Tatar,watch,unknown,vulnerable,unknown,0.0,,"0.00%/yr context(10yr), None speakers → unknown"
"tbn, tnb, tnd, tuf",Tunebo,watch,unknown,vulnerable,unknown,0.0,,"0.00%/yr context(10yr), None speakers → unknown"
tcq,Kaiy,watch,healthy,vulnerable,recovering,0.012865,250,"1.29%/yr context(10yr), 250 speakers → recovering"
tdl,Sur,healthy,serious,stable,at_risk,-0.066967,2000,"-6.70%/yr context(10yr), 2000 speakers → at_risk"
tdm,Taruma,gone,unknown,lost,unknown,0.0,,"0.00%/yr context(10yr), None speakers → unknown"
test,Test Language,healthy,unknown,alive,unknown,0.0,,"0.00%/yr context(10yr), None speakers → unknown"
tey-kam,Kamda,watch,unknown,vulnerable,unknown,0.0,,"0.00%/yr context(10yr), None speakers → unknown"
thm-pho,Phonsung,watch,unknown,vulnerable,unknown,0.0,,"0.00%/yr context(10yr), None speakers → unknown"
thp,Nłeʔkepmxcín (Thompson),watch,healthy,vulnerable,recovering,0.019464,154,"1.95%/yr context(10yr), 154 speakers → recovering"
tht,Tāłtān (Tahltan),watch,healthy,vulnerable,recovering,0.082037,99,"8.20%/yr context(10yr), 99 speakers → recovering"
tkl,Tokelauan,healthy,watch,stable,vulnerable,-0.031326,4000,"-3.13%/yr context(10yr), 4000 speakers → vulnerable"
tkx,Tangko,watch,serious,vulnerable,at_risk,-0.065118,51,"-6.51%/yr context(10yr), 51 speakers → at_risk"
tlm,Tolomako,watch,serious,vulnerable,at_risk,-0.066967,225,"-6.70%/yr context(10yr), 225 speakers → at_risk"
tlq,Tai Loi,healthy,watch,stable,vulnerable,-0.020724,4460,"-2.07%/yr context(10yr), 4460 speakers → vulnerable"
tms,Tima,healthy,serious,stable,at_risk,-0.066967,2500,"-6.70%/yr context(10yr), 2500 speakers → at_risk"
tnc,Tanimuca-Retuarã,watch,serious,vulnerable,at_risk,-0.066967,976,"-6.70%/yr context(10yr), 976 speakers → at_risk"
tnw,Tonsawang,watch,unknown,vulnerable,unknown,0.0,,"0.00%/yr context(10yr), None speakers → unknown"
"toc, tlp, tos, top, tcw, tku, tqt, too, tlc",Totonac,watch,unknown,vulnerable,unknown,0.0,,"0.00%/yr context(10yr), None speakers → unknown"
tpr,Tuparí,watch,serious,vulnerable,at_risk,-0.059155,150,"-5.92%/yr context(10yr), 150 speakers → at_risk"
"tpx, tpc, tcf, tpl",Tlapanec,watch,unknown,vulnerable,unknown,0.0,,"0.00%/yr context(10yr), None speakers → unknown"
trj,Toram,healthy,serious,stable,at_risk,-0.066967,2000,"-6.70%/yr context(10yr), 2000 speakers → at_risk"
"trs, trc, trq",Triqui,watch,unknown,vulnerable,unknown,0.0,,"0.00%/yr context(10yr), None speakers → unknown"
trw,Torwali,healthy,watch,stable,vulnerable,-0.028358,60000,"-2.84%/yr context(10yr), 60000 speakers → vulnerable"
"tsz, pua",Purepecha,watch,unknown,vulnerable,unknown,0.0,,"0.00%/yr context(10yr), None speakers → unknown"
ttb,Gaa,healthy,serious,stable,at_risk,-0.066967,5000,"-6.70%/yr context(10yr), 5000 speakers → at_risk"
ttf,Tuotomb,watch,serious,vulnerable,at_risk,-0.066967,500,"-6.70%/yr context(10yr), 500 speakers → at_risk"
tti,Tobati,watch,serious,vulnerable,at_risk,-0.066967,50,"-6.70%/yr context(10yr), 50 speakers → at_risk"
tue,Tuyuka,watch,serious,vulnerable,at_risk,-0.056044,810,"-5.60%/yr context(10yr), 810 speakers → at_risk"
twf-pic,Picuris,watch,unknown,vulnerable,unknown,0.0,,"0.00%/yr context(10yr), None speakers → unknown"
twm,Takpa,watch,unknown,vulnerable,unknown,0.0,,"0.00%/yr context(10yr), None speakers → unknown"
"tzb, tzh",Tzeltal,watch,unknown,vulnerable,unknown,0.0,,"0.00%/yr context(10yr), None speakers → unknown"
"tzc, tze, tzu, tzs, tzo, tzz",Tzotzil,watch,unknown,vulnerable,unknown,0.0,,"0.00%/yr context(10yr), None speakers → unknown"
uda,Uda,healthy,serious,stable,at_risk,-0.066967,5000,"-6.70%/yr context(10yr), 5000 speakers → at_risk"
ude,Udege,watch,serious,vulnerable,at_risk,-0.066967,50,"-6.70%/yr context(10yr), 50 speakers → at_risk"
uiv,Iyive,watch,serious,vulnerable,at_risk,-0.066967,500,"-6.70%/yr context(10yr), 500 speakers → at_risk"
ukh,Ukhwejo,healthy,serious,stable,at_risk,-0.066967,1000,"-6.70%/yr context(10yr), 1000 speakers → at_risk"
ulc,Ulch,watch,serious,vulnerable,at_risk,-0.066967,500,"-6.70%/yr context(10yr), 500 speakers → at_risk"
ump,Umpila,gone,unknown,lost,unknown,0.0,,"0.00%/yr context(10yr), None speakers → unknown"
umu,Munsee,gone,unknown,lost,unknown,0.0,,"0.00%/yr context(10yr), None speakers → unknown"
unr-bhu,Bhumij,watch,unknown,vulnerable,unknown,0.0,,"0.00%/yr context(10yr), None speakers → unknown"
urim,Urim,watch,unknown,vulnerable,unknown,0.0,,"0.00%/yr context(10yr), None speakers → unknown"
vap,Vaiphei,healthy,serious,stable,critical,-0.096954,19836,"-9.70%/yr context(10yr), 19836 speakers → critical"
vid,Vidunda,healthy,serious,stable,at_risk,-0.066967,5000,"-6.70%/yr context(10yr), 5000 speakers → at_risk"
vko,Kodeoha,healthy,watch,stable,vulnerable,-0.039735,1000,"-3.97%/yr context(10yr), 1000 speakers → vulnerable"
vra,Vera'a,watch,unknown,vulnerable,unknown,0.0,,"0.00%/yr context(10yr), None speakers → unknown"
vro,Võro,healthy,serious,stable,at_risk,-0.066967,25000,"-6.70%/yr context(10yr), 25000 speakers → at_risk"
vum,Vumbu,serious,unknown,at_risk,unknown,0.0,,"0.00%/yr context(10yr), None speakers → unknown"
"waa, tqn, uma, yak",Sahaptin,watch,unknown,vulnerable,unknown,0.0,,"0.00%/yr context(10yr), None speakers → unknown"
wap,Wapixana,healthy,serious,stable,at_risk,-0.066967,5450,"-6.70%/yr context(10yr), 5450 speakers → at_risk"
was,Washo,serious,unknown,critical,unknown,0.0,,"0.00%/yr context(10yr), None speakers → unknown"
wax,Watam,watch,serious,vulnerable,at_risk,-0.066967,543,"-6.70%/yr context(10yr), 543 speakers → at_risk"
wbh,Wanda,healthy,serious,stable,at_risk,-0.066967,21405,"-6.70%/yr context(10yr), 21405 speakers → at_risk"
wbh-sic,Sichela,watch,unknown,vulnerable,unknown,0.0,,"0.00%/yr context(10yr), None speakers → unknown"
wbj,Alagwa,healthy,serious,stable,at_risk,-0.066967,5000,"-6.70%/yr context(10yr), 5000 speakers → at_risk"
"wkw, wur",Waka-Waka,gone,unknown,lost,unknown,0.0,,"0.00%/yr context(10yr), None speakers → unknown"
wmb-bin,Binbinka,gone,unknown,lost,unknown,0.0,,"0.00%/yr context(10yr), None speakers → unknown"
wmt-dju,Djuwarliny,gone,unknown,lost,unknown,0.0,,"0.00%/yr context(10yr), None speakers → unknown"
wra,Warapu,serious,unknown,at_risk,unknown,0.0,,"0.00%/yr context(10yr), None speakers → unknown"
wrs,Waris,healthy,serious,stable,at_risk,-0.066967,2200,"-6.70%/yr context(10yr), 2200 speakers → at_risk"
wti-fad,Fadashi,watch,unknown,vulnerable,unknown,0.0,,"0.00%/yr context(10yr), None speakers → unknown"
xok,Xokleng,watch,serious,vulnerable,critical,-0.186725,100,"-18.67%/yr context(10yr), 100 speakers → critical"
xsr,Sherpa,healthy,serious,stable,critical,-0.12184,15000,"-12.18%/yr context(10yr), 15000 speakers → critical"
xsy,Saisiyat,healthy,serious,stable,at_risk,-0.058796,3000,"-5.88%/yr context(10yr), 3000 speakers → at_risk"
yau,Jotí,watch,serious,vulnerable,critical,-0.089599,300,"-8.96%/yr context(10yr), 300 speakers → critical"
ybe,Yellow Uyghur,healthy,watch,stable,vulnerable,-0.017693,4600,"-1.77%/yr context(10yr), 4600 speakers → vulnerable"
ybl,Yukuben,healthy,serious,stable,critical,-0.175343,8000,"-17.53%/yr context(10yr), 8000 speakers → critical"
ycn,Yucuna,watch,healthy,vulnerable,recovering,0.03422,770,"3.42%/yr context(10yr), 770 speakers → recovering"
ydg,Yidgha,healthy,serious,stable,at_risk,-0.066967,3000,"-6.70%/yr context(10yr), 3000 speakers → at_risk"
yki,Yoke,watch,serious,vulnerable,at_risk,-0.066967,100,"-6.70%/yr context(10yr), 100 speakers → at_risk"
yko,Iyasa,healthy,serious,stable,at_risk,-0.066967,1500,"-6.70%/yr context(10yr), 1500 speakers → at_risk"
yna,Aluo,healthy,serious,stable,at_risk,-0.066967,20000,"-6.70%/yr context(10yr), 20000 speakers → at_risk"
yoi,Dunan (Yonaguni Ryukyuan),watch,serious,vulnerable,critical,-0.087556,400,"-8.76%/yr context(10yr), 400 speakers → critical"
yrk-for,Forest Nenets,watch,unknown,vulnerable,unknown,0.0,,"0.00%/yr context(10yr), None speakers → unknown"
yrk-tun,Tundra Nenets,watch,unknown,vulnerable,unknown,0.0,,"0.00%/yr context(10yr), None speakers → unknown"
yul,Yulu,healthy,watch,stable,vulnerable,-0.031326,4000,"-3.13%/yr context(10yr), 4000 speakers → vulnerable"
yup,Yukpa,healthy,serious,stable,at_risk,-0.066975,5586,"-6.70%/yr context(10yr), 5586 speakers → at_risk"
"ywr, dyd",Yawuru,gone,unknown,lost,unknown,0.0,,"0.00%/yr context(10yr), None speakers → unknown"
"zaa, zpd, zae",Ixtlán,watch,unknown,vulnerable,unknown,0.0,,"0.00%/yr context(10yr), None speakers → unknown"
"zac, zpv, zpn",Ocotlán,watch,unknown,vulnerable,unknown,0.0,,"0.00%/yr context(10yr), None speakers → unknown"
zaf,Ayoquesco,watch,unknown,vulnerable,unknown,0.0,,"0.00%/yr context(10yr), None speakers → unknown"
zai,Isthmus Zapotec,watch,unknown,vulnerable,unknown,0.0,,"0.00%/yr context(10yr), None speakers → unknown"
zaj,Zaramo,gone,unknown,lost,unknown,0.0,,"0.00%/yr context(10yr), None speakers → unknown"
zal,Zauzou,healthy,serious,stable,at_risk,-0.066967,1050,"-6.70%/yr context(10yr), 1050 speakers → at_risk"
"zar, zsr",Rincón,watch,unknown,vulnerable,unknown,0.0,,"0.00%/yr context(10yr), None speakers → unknown"
zas,Albarradas Zapotec,watch,unknown,vulnerable,unknown,0.0,,"0.00%/yr context(10yr), None speakers → unknown"
zaz-bot,Boto,watch,unknown,vulnerable,unknown,0.0,,"0.00%/yr context(10yr), None speakers → unknown"
zaz-zak,Zakshi,watch,unknown,vulnerable,unknown,0.0,,"0.00%/yr context(10yr), None speakers → unknown"
zen,Zenaga,serious,unknown,at_risk,unknown,0.0,,"0.00%/yr context(10yr), None speakers → unknown"
zgr,Magori,watch,serious,vulnerable,at_risk,-0.066967,100,"-6.70%/yr context(10yr), 100 speakers → at_risk"
zhb,Zhaba,healthy,serious,stable,at_risk,-0.066967,3850,"-6.70%/yr context(10yr), 3850 speakers → at_risk"
zkr,Zakhring,watch,serious,vulnerable,at_risk,-0.066967,500,"-6.70%/yr context(10yr), 500 speakers → at_risk"
"zmr, amy",Emmi,serious,unknown,critical,unknown,0.0,,"0.00%/yr context(10yr), None speakers → unknown"
zng,Mang,watch,serious,vulnerable,at_risk,-0.066967,875,"-6.70%/yr context(10yr), 875 speakers → at_risk"
zoo,Asunción Mixtepec Zapotec,watch,unknown,vulnerable,unknown,0.0,,"0.00%/yr context(10yr), None speakers → unknown"
zpc,Choapan,watch,unknown,vulnerable,unknown,0.0,,"0.00%/yr context(10yr), None speakers → unknown"
zpe,Petapa Zapotec,watch,unknown,vulnerable,unknown,0.0,,"0.00%/yr context(10yr), None speakers → unknown"
zpk,Tlacolulita Zapotec,watch,unknown,vulnerable,unknown,0.0,,"0.00%/yr context(10yr), None speakers → unknown"
"zps, zpt, ztp, zao, zam, zpr, zap, ztg, ztl, zpo, zpb",Coatlán Zapotec,watch,unknown,vulnerable,unknown,0.0,,"0.00%/yr context(10yr), None speakers → unknown"
zpy,Etla,watch,unknown,vulnerable,unknown,0.0,,"0.00%/yr context(10yr), None speakers → unknown"
"zte, zpw, zpz",Papabuco,watch,unknown,vulnerable,unknown,0.0,,"0.00%/yr context(10yr), None speakers → unknown"
ztx,Zaachila Zapotec,watch,unknown,vulnerable,unknown,0.0,,"0.00%/yr context(10yr), None speakers → unknown"
zwa,Zay,healthy,serious,stable,at_risk,-0.066967,2000,"-6.70%/yr context(10yr), 2000 speakers → at_risk"
